-- phpMyAdmin SQL Dump
-- version 5.0.2
-- https://www.phpmyadmin.net/
--
-- Máy chủ: 127.0.0.1:3306
-- Thời gian đã tạo: Th6 30, 2021 lúc 04:40 AM
-- Phiên bản máy phục vụ: 8.0.21
-- Phiên bản PHP: 7.4.9

SET SQL_MODE = "NO_AUTO_VALUE_ON_ZERO";
START TRANSACTION;
SET time_zone = "+00:00";


/*!40101 SET @OLD_CHARACTER_SET_CLIENT=@@CHARACTER_SET_CLIENT */;
/*!40101 SET @OLD_CHARACTER_SET_RESULTS=@@CHARACTER_SET_RESULTS */;
/*!40101 SET @OLD_COLLATION_CONNECTION=@@COLLATION_CONNECTION */;
/*!40101 SET NAMES utf8mb4 */;

--
-- Cơ sở dữ liệu: `gis`
--

-- --------------------------------------------------------

--
-- Cấu trúc bảng cho bảng `body`
--

DROP TABLE IF EXISTS `body`;
CREATE TABLE IF NOT EXISTS `body` (
  `id_body` int NOT NULL AUTO_INCREMENT,
  `id_building` int NOT NULL,
  `height` varchar(255) COLLATE utf8mb4_unicode_ci NOT NULL,
  `name` varchar(255) CHARACTER SET utf8mb4 COLLATE utf8mb4_unicode_ci DEFAULT NULL,
  `description` varchar(255) CHARACTER SET utf8mb4 COLLATE utf8mb4_unicode_ci DEFAULT NULL,
  PRIMARY KEY (`id_body`),
  KEY `fk_building_body` (`id_building`)
) ENGINE=InnoDB AUTO_INCREMENT=33 DEFAULT CHARSET=utf8mb4 COLLATE=utf8mb4_unicode_ci;

--
-- Đang đổ dữ liệu cho bảng `body`
--

INSERT INTO `body` (`id_body`, `id_building`, `height`, `name`, `description`) VALUES
(1, 1, '144', 'LandMark 6', 'đây là LandMark 6'),
(2, 2, '4', 'Tháp kỹ thuật Landmark 6', 'Đây là tháp kỹ thuật của tòa Landmark 6'),
(3, 3, '4', 'Tháp kỹ thuật Landmark 6', 'Đây là tháp kỹ thuật Landmark 6'),
(4, 4, '144', 'Landmark 5', 'Đây là Landmark 5'),
(5, 5, '4', 'Tháp kỹ thuật Landmark 5', 'Đây là tháp kỹ thuật của tòa Landmark 5'),
(6, 6, '4', 'Tháp kỹ thuật Landmark 5', 'Đây là tháp kỹ thuật Landmark 5'),
(7, 7, '144', 'Landmark 4', 'Đây là Landmark 4'),
(8, 8, '4', 'Tháp kỹ thuật Landmark 4', 'Đây là tháp kỹ thuật tòa Landmark 4'),
(9, 9, '4', 'Tháp kỹ thuật Landmark 4', 'Đây là tháp kỹ thuật của tòa Landmark 4'),
(10, 10, '144', 'Landrmark 3', 'Đây là Landmark 3'),
(11, 11, '4', 'Tháp kỹ thuật Landmark 3', 'Đây là tháp kỹ thuật tòa Landmark 3'),
(12, 12, '4', 'Tháp kỹ thuật Landmark 3', 'Đây là tháp kỹ thuật tòa Landmark 3'),
(13, 13, '144', 'Landmark 2', 'Đây là Landmark 2'),
(14, 14, '4', 'Tháp kỹ thuật Landmark 2', 'Đây là tháp kỹ thuật landmark 2'),
(15, 15, '4', 'Tháp kỹ thuật Landmark 2', 'Đây là tháp kỹ thuật tòa Landmark 2'),
(16, 16, '144', 'Landmark 1', 'Đây là Landmark 1'),
(17, 17, '4', 'Tháp kỹ thuật Landmark 1', 'Đây là tháp kỹ thuật Landmark 1'),
(18, 18, '4', 'Tháp kỹ thuật Landmark 1', 'Đây là tháp kỹ thuật Landmark 1'),
(19, 19, '9', 'Landmark 81', 'Đây là tầng 1 - 3 Landmark 81'),
(20, 20, '24', 'Landmark 81', 'Đây là tầng 3 - 6 Landmark 81'),
(21, 21, '24', 'Landmark 81', 'Đây là tầng 7 - 10 Landmark 81'),
(22, 22, '24', 'Landmark 81', 'Đây là tầng 11 - 14 Landmark 81'),
(23, 23, '18', 'Landmark 81', 'Đây là tầng 15 - 17 Landmark 81'),
(24, 24, '18', 'Landmark 81', 'Đây là tầng 18 - 20 Landmark 81'),
(25, 25, '36', 'Landmark 81', 'Đây là tầng 21 - 26 Landmark 81'),
(26, 26, '24', 'Landmark 81', 'Đây là tầng 27 - 30 Landmark 81'),
(27, 27, '60', 'Landmark 81', 'Đây là tầng 31 - 40 Landmark 81'),
(28, 28, '60', 'Landmark 81', 'Đây là tầng 41 - 50 Landmark 81'),
(29, 29, '60', 'Landmark 81', 'Đây là tầng 51 - 60 Landmark 81'),
(30, 30, '60', 'Landmark 81', 'Đây là tầng 61 - 70 Landmark 81'),
(31, 31, '30', 'Landmark 81', 'Đây là tầng 71 - 75 Landmark 81'),
(32, 32, '36', 'Landmark 81', 'Đây là tầng 76 - 81 Landmark 81');

-- --------------------------------------------------------

--
-- Cấu trúc bảng cho bảng `body_face`
--

DROP TABLE IF EXISTS `body_face`;
CREATE TABLE IF NOT EXISTS `body_face` (
  `id_body_face` int NOT NULL AUTO_INCREMENT,
  `id_body` int NOT NULL,
  `id_face` int NOT NULL,
  PRIMARY KEY (`id_body_face`),
  KEY `fk_body_face` (`id_body`),
  KEY `fk_face_body` (`id_face`)
) ENGINE=InnoDB AUTO_INCREMENT=33 DEFAULT CHARSET=utf8mb4 COLLATE=utf8mb4_unicode_ci;

--
-- Đang đổ dữ liệu cho bảng `body_face`
--

INSERT INTO `body_face` (`id_body_face`, `id_body`, `id_face`) VALUES
(1, 1, 1),
(2, 2, 2),
(3, 3, 3),
(4, 4, 4),
(5, 5, 5),
(6, 6, 6),
(7, 7, 7),
(8, 8, 8),
(9, 9, 9),
(10, 10, 10),
(11, 11, 11),
(12, 13, 13),
(14, 14, 14),
(15, 15, 15),
(16, 16, 16),
(17, 17, 17),
(18, 18, 18),
(19, 19, 19),
(20, 20, 20),
(21, 21, 21),
(22, 22, 22),
(23, 23, 23),
(24, 24, 24),
(25, 25, 25),
(26, 26, 26),
(27, 27, 27),
(28, 28, 28),
(29, 29, 29),
(30, 30, 30),
(31, 31, 31),
(32, 32, 32);

-- --------------------------------------------------------

--
-- Cấu trúc bảng cho bảng `building`
--

DROP TABLE IF EXISTS `building`;
CREATE TABLE IF NOT EXISTS `building` (
  `id_building` int NOT NULL AUTO_INCREMENT,
  `name` varchar(255) COLLATE utf8mb4_unicode_ci DEFAULT NULL,
  `description` varchar(255) COLLATE utf8mb4_unicode_ci DEFAULT NULL,
  PRIMARY KEY (`id_building`)
) ENGINE=InnoDB AUTO_INCREMENT=33 DEFAULT CHARSET=utf8mb4 COLLATE=utf8mb4_unicode_ci;

--
-- Đang đổ dữ liệu cho bảng `building`
--

INSERT INTO `building` (`id_building`, `name`, `description`) VALUES
(1, 'Landmark 6', 'đây là Landmark 6'),
(2, 'Tháp kỹ thuật Landmark 6', 'Đây là tháp kỹ thuật của tòa Landmark 6'),
(3, 'Tháp kỹ thuật Landmark 6', 'Đây là tháp kỹ thuật Landmark 6'),
(4, 'Landmark 5', 'Đây là Landmark 5'),
(5, 'Tháp kỹ thuật Landmark 5', 'Đây là tháp kỹ thuật của tòa Landmark 5'),
(6, 'Tháp kỹ thuật Landmark 5', 'Đây là tháp kỹ thuật Landmark 5'),
(7, 'Landmark 4', 'Đây là Landmark 4'),
(8, 'Tháp kỹ thuật Landmark 4', 'Đây là tháp kỹ thuật của tòa Landmark 4'),
(9, 'Tháp kỹ thuật Landmark 4', 'Đây là tháp kỹ thuật Landmark 4'),
(10, 'Landmark 3', 'Đây là tòa Landmark 3'),
(11, 'Tháp kỹ thuật Landmark 3', 'Đây là tháp kỹ thuật tòa Landmark 3'),
(12, 'Tháp kỹ thuật Landmark 3', 'Đây là tháp kỹ thuật Landmark 3'),
(13, 'Landmark 2', 'Đây là Landmark 2'),
(14, 'Tháp kỹ thuật Landmark 2', 'Đây là tháp kỹ thuật Landmark 2'),
(15, 'Tháp kỹ thuật Landmark 2', 'Đây là tháp kỹ thuật Landmark 2'),
(16, 'Landmark 1', 'Đây là Landmark 1'),
(17, 'Tháp kỹ thuật Landmark 1', 'Đây là tháp kỹ thuật Landmark 1'),
(18, 'Tháp kỹ thuật Landmark 1', 'Đây là tháp kỹ thuật Landmark 1'),
(19, 'Landmark 81', 'Đây là tầng 1 - 3 Landmark 81'),
(20, 'Landmark 81', 'Đây là tầng 3 - 6 Landmark 81'),
(21, 'Landmark 81', 'Đây là tầng 7 - 10 Landmark 81'),
(22, 'Landmark 81', 'Đây là tầng 11 - 14 Landmark 81'),
(23, 'Landmark 81', 'Đây là tầng 15 - 17 Landmark 81'),
(24, 'Landmark 81', 'Đây là tầng 18 - 20 Landmark 81'),
(25, 'Landmark 81', 'Đây là tầng 15 - 17 Landmark 81'),
(26, 'Landmark 81', 'Đây là tầng 27 - 30 Landmark 81'),
(27, 'Landmark 81', 'Đây là tầng 31 - 40 Landmark 81'),
(28, 'Landmark 81', 'Đây là tầng 41 - 50 Landmark 81'),
(29, 'Landmark 81', 'Đây là tầng 51 - 60 Landmark 81'),
(30, 'Landmark 81', 'Đây là tầng 61 - 70 Landmark 81'),
(31, 'Landmark 81', 'Đây là tầng 71 - 75 Landmark 81'),
(32, 'Landmark 81', 'Đây là tầng 76 - 81 Landmark 81');

-- --------------------------------------------------------

--
-- Cấu trúc bảng cho bảng `face`
--

DROP TABLE IF EXISTS `face`;
CREATE TABLE IF NOT EXISTS `face` (
  `id_face` int NOT NULL AUTO_INCREMENT,
  PRIMARY KEY (`id_face`)
) ENGINE=InnoDB AUTO_INCREMENT=33 DEFAULT CHARSET=utf8mb4 COLLATE=utf8mb4_unicode_ci;

--
-- Đang đổ dữ liệu cho bảng `face`
--

INSERT INTO `face` (`id_face`) VALUES
(1),
(2),
(3),
(4),
(5),
(6),
(7),
(8),
(9),
(10),
(11),
(12),
(13),
(14),
(15),
(16),
(17),
(18),
(19),
(20),
(21),
(22),
(23),
(24),
(25),
(26),
(27),
(28),
(29),
(30),
(31),
(32);

-- --------------------------------------------------------

--
-- Cấu trúc bảng cho bảng `face_node`
--

DROP TABLE IF EXISTS `face_node`;
CREATE TABLE IF NOT EXISTS `face_node` (
  `id_face_node` int NOT NULL AUTO_INCREMENT,
  `id_face` int NOT NULL,
  `id_node` int NOT NULL,
  PRIMARY KEY (`id_face_node`),
  KEY `fk_face_node` (`id_face`),
  KEY `fk_node_face` (`id_node`)
) ENGINE=InnoDB AUTO_INCREMENT=330 DEFAULT CHARSET=utf8mb4 COLLATE=utf8mb4_unicode_ci;

--
-- Đang đổ dữ liệu cho bảng `face_node`
--

INSERT INTO `face_node` (`id_face_node`, `id_face`, `id_node`) VALUES
(1, 1, 1),
(2, 1, 2),
(3, 1, 3),
(4, 1, 4),
(5, 1, 5),
(6, 1, 6),
(7, 1, 7),
(8, 1, 8),
(9, 1, 9),
(10, 1, 10),
(11, 1, 11),
(12, 1, 12),
(13, 1, 13),
(14, 1, 14),
(15, 1, 15),
(16, 1, 16),
(17, 1, 17),
(18, 1, 18),
(19, 1, 19),
(20, 1, 20),
(21, 2, 21),
(22, 2, 22),
(23, 2, 23),
(24, 2, 24),
(25, 3, 25),
(26, 3, 26),
(27, 3, 27),
(28, 3, 28),
(29, 4, 29),
(30, 4, 30),
(31, 4, 31),
(32, 4, 32),
(33, 4, 33),
(34, 4, 34),
(35, 4, 35),
(36, 4, 36),
(37, 4, 37),
(38, 4, 38),
(39, 4, 39),
(40, 4, 40),
(41, 4, 41),
(42, 4, 42),
(43, 4, 43),
(44, 4, 44),
(45, 4, 45),
(46, 4, 46),
(47, 4, 47),
(48, 4, 48),
(49, 4, 49),
(50, 4, 50),
(51, 5, 51),
(52, 5, 52),
(53, 5, 53),
(54, 5, 54),
(55, 6, 55),
(56, 6, 56),
(57, 6, 57),
(58, 6, 58),
(59, 7, 59),
(60, 7, 60),
(61, 7, 61),
(62, 7, 62),
(63, 7, 63),
(64, 7, 64),
(65, 7, 65),
(66, 7, 66),
(67, 7, 67),
(68, 7, 68),
(69, 7, 69),
(70, 7, 70),
(71, 7, 71),
(72, 7, 72),
(73, 7, 73),
(74, 7, 74),
(75, 7, 75),
(76, 7, 76),
(77, 7, 77),
(78, 7, 78),
(79, 7, 79),
(80, 7, 80),
(81, 7, 81),
(82, 7, 82),
(83, 7, 83),
(84, 8, 84),
(85, 8, 85),
(86, 8, 86),
(87, 8, 87),
(88, 9, 88),
(89, 9, 89),
(90, 9, 90),
(91, 9, 91),
(92, 10, 92),
(93, 10, 93),
(94, 10, 94),
(95, 10, 95),
(96, 10, 96),
(97, 10, 97),
(98, 10, 98),
(99, 10, 99),
(100, 10, 100),
(101, 10, 101),
(102, 10, 102),
(103, 10, 103),
(104, 11, 104),
(105, 11, 106),
(106, 11, 106),
(107, 11, 107),
(108, 12, 108),
(109, 12, 109),
(110, 12, 110),
(111, 12, 111),
(112, 13, 112),
(113, 13, 113),
(114, 13, 114),
(115, 13, 115),
(116, 13, 116),
(117, 13, 117),
(118, 13, 118),
(119, 13, 119),
(120, 13, 120),
(121, 13, 121),
(122, 13, 122),
(123, 13, 123),
(124, 14, 124),
(125, 14, 125),
(126, 14, 126),
(127, 14, 127),
(128, 15, 128),
(129, 15, 129),
(130, 15, 130),
(131, 15, 131),
(132, 16, 132),
(133, 16, 133),
(134, 16, 134),
(135, 16, 135),
(136, 16, 136),
(137, 16, 137),
(138, 16, 138),
(139, 16, 139),
(140, 16, 140),
(141, 16, 141),
(142, 16, 142),
(143, 16, 143),
(144, 16, 144),
(145, 16, 145),
(146, 16, 146),
(147, 16, 147),
(148, 17, 148),
(149, 17, 149),
(150, 17, 150),
(151, 17, 151),
(152, 18, 152),
(153, 18, 153),
(154, 18, 154),
(155, 18, 155),
(156, 19, 156),
(157, 19, 157),
(158, 19, 158),
(159, 19, 159),
(160, 19, 160),
(161, 19, 161),
(162, 19, 162),
(163, 19, 163),
(164, 19, 164),
(165, 19, 165),
(166, 19, 166),
(167, 19, 167),
(168, 19, 168),
(169, 19, 169),
(170, 19, 170),
(171, 19, 171),
(172, 19, 172),
(173, 19, 173),
(174, 19, 174),
(175, 19, 175),
(176, 19, 176),
(177, 19, 177),
(178, 19, 178),
(179, 20, 179),
(180, 20, 180),
(181, 20, 181),
(182, 20, 182),
(183, 20, 183),
(184, 20, 184),
(185, 21, 185),
(186, 21, 186),
(187, 21, 187),
(188, 21, 188),
(189, 21, 189),
(190, 21, 190),
(191, 21, 191),
(192, 21, 192),
(193, 22, 193),
(194, 22, 194),
(195, 22, 195),
(196, 22, 196),
(197, 22, 197),
(198, 22, 198),
(199, 22, 199),
(200, 22, 200),
(201, 22, 201),
(202, 22, 202),
(203, 23, 203),
(204, 23, 204),
(205, 23, 205),
(206, 23, 206),
(207, 23, 207),
(208, 23, 208),
(209, 23, 209),
(210, 23, 210),
(211, 23, 211),
(212, 23, 212),
(213, 23, 213),
(214, 23, 214),
(215, 24, 215),
(216, 24, 216),
(217, 24, 217),
(218, 24, 218),
(219, 24, 219),
(220, 24, 220),
(221, 24, 221),
(222, 24, 222),
(223, 24, 223),
(224, 24, 224),
(225, 24, 225),
(226, 24, 226),
(227, 25, 227),
(228, 25, 228),
(229, 25, 229),
(230, 25, 230),
(231, 25, 231),
(232, 25, 232),
(233, 25, 233),
(234, 25, 234),
(235, 25, 235),
(236, 25, 236),
(237, 25, 237),
(238, 25, 238),
(239, 25, 239),
(240, 25, 240),
(241, 25, 241),
(242, 25, 242),
(243, 26, 243),
(244, 26, 244),
(245, 26, 245),
(246, 26, 246),
(247, 26, 247),
(248, 26, 248),
(249, 26, 249),
(250, 26, 250),
(251, 26, 251),
(252, 26, 252),
(253, 26, 253),
(254, 26, 254),
(255, 26, 255),
(256, 26, 256),
(257, 26, 257),
(258, 26, 258),
(259, 27, 259),
(260, 27, 260),
(261, 27, 261),
(262, 27, 262),
(263, 27, 263),
(264, 27, 264),
(265, 27, 265),
(266, 27, 266),
(267, 27, 267),
(268, 27, 268),
(269, 27, 269),
(270, 27, 270),
(271, 27, 271),
(272, 27, 272),
(273, 28, 273),
(274, 28, 274),
(275, 28, 275),
(276, 28, 276),
(277, 28, 277),
(278, 28, 278),
(279, 28, 279),
(280, 28, 280),
(281, 28, 281),
(282, 28, 282),
(283, 28, 283),
(284, 28, 284),
(285, 28, 285),
(286, 28, 286),
(287, 28, 287),
(288, 28, 288),
(289, 29, 289),
(290, 29, 290),
(291, 29, 291),
(292, 29, 292),
(293, 29, 293),
(294, 29, 294),
(295, 29, 295),
(296, 29, 296),
(297, 29, 297),
(298, 29, 298),
(299, 29, 299),
(300, 29, 300),
(301, 29, 301),
(302, 29, 302),
(303, 29, 303),
(304, 29, 304),
(305, 30, 305),
(306, 30, 306),
(307, 30, 307),
(308, 30, 308),
(309, 30, 309),
(310, 30, 310),
(311, 30, 311),
(312, 30, 312),
(313, 30, 313),
(314, 30, 314),
(315, 30, 315),
(316, 30, 316),
(317, 31, 317),
(318, 31, 318),
(319, 31, 319),
(320, 31, 320),
(321, 31, 321),
(322, 31, 322),
(323, 31, 323),
(324, 31, 324),
(325, 31, 325),
(326, 32, 326),
(327, 32, 327),
(328, 32, 328),
(329, 32, 329);

-- --------------------------------------------------------

--
-- Cấu trúc bảng cho bảng `node`
--

DROP TABLE IF EXISTS `node`;
CREATE TABLE IF NOT EXISTS `node` (
  `id_node` int NOT NULL AUTO_INCREMENT,
  `id_point` int NOT NULL,
  `z` varchar(255) COLLATE utf8mb4_unicode_ci NOT NULL,
  PRIMARY KEY (`id_node`),
  KEY `fk_node_point` (`id_point`)
) ENGINE=InnoDB AUTO_INCREMENT=330 DEFAULT CHARSET=utf8mb4 COLLATE=utf8mb4_unicode_ci;

--
-- Đang đổ dữ liệu cho bảng `node`
--

INSERT INTO `node` (`id_node`, `id_point`, `z`) VALUES
(1, 1, '0'),
(2, 2, '0'),
(3, 3, '0'),
(4, 4, '0'),
(5, 5, '0'),
(6, 6, '0'),
(7, 7, '0'),
(8, 8, '0'),
(9, 9, '0'),
(10, 10, '0'),
(11, 11, '0'),
(12, 12, '0'),
(13, 13, '0'),
(14, 14, '0'),
(15, 15, '0'),
(16, 16, '0'),
(17, 17, '0'),
(18, 18, '0'),
(19, 19, '0'),
(20, 20, '0'),
(21, 21, '144'),
(22, 22, '144'),
(23, 23, '144'),
(24, 24, '144'),
(25, 25, '144'),
(26, 26, '144'),
(27, 27, '144'),
(28, 28, '144'),
(29, 29, '0'),
(30, 30, '0'),
(31, 31, '0'),
(32, 32, '0'),
(33, 33, '0'),
(34, 34, '0'),
(35, 35, '0'),
(36, 36, '0'),
(37, 37, '0'),
(38, 38, '0'),
(39, 39, '0'),
(40, 40, '0'),
(41, 41, '0'),
(42, 42, '0'),
(43, 43, '0'),
(44, 44, '0'),
(45, 45, '0'),
(46, 46, '0'),
(47, 47, '0'),
(48, 48, '0'),
(49, 49, '0'),
(50, 50, '0'),
(51, 51, '144'),
(52, 52, '144'),
(53, 53, '144'),
(54, 54, '144'),
(55, 55, '144'),
(56, 56, '144'),
(57, 57, '144'),
(58, 58, '144'),
(59, 59, '0'),
(60, 60, '0'),
(61, 61, '0'),
(62, 62, '0'),
(63, 63, '0'),
(64, 64, '0'),
(65, 65, '0'),
(66, 66, '0'),
(67, 67, '0'),
(68, 68, '0'),
(69, 69, '0'),
(70, 70, '0'),
(71, 71, '0'),
(72, 72, '0'),
(73, 73, '0'),
(74, 74, '0'),
(75, 75, '0'),
(76, 76, '0'),
(77, 77, '0'),
(78, 78, '0'),
(79, 79, '0'),
(80, 80, '0'),
(81, 81, '0'),
(82, 82, '0'),
(83, 83, '0'),
(84, 84, '144'),
(85, 85, '144'),
(86, 86, '144'),
(87, 87, '144'),
(88, 88, '144'),
(89, 89, '144'),
(90, 90, '144'),
(91, 91, '144'),
(92, 92, '0'),
(93, 93, '0'),
(94, 94, '0'),
(95, 95, '0'),
(96, 96, '0'),
(97, 97, '0'),
(98, 98, '0'),
(99, 99, '0'),
(100, 100, '0'),
(101, 101, '0'),
(102, 102, '0'),
(103, 103, '0'),
(104, 104, '144'),
(105, 105, '144'),
(106, 106, '144'),
(107, 107, '144'),
(108, 108, '144'),
(109, 109, '144'),
(110, 110, '144'),
(111, 111, '144'),
(112, 112, '0'),
(113, 113, '0'),
(114, 114, '0'),
(115, 115, '0'),
(116, 116, '0'),
(117, 117, '0'),
(118, 118, '0'),
(119, 119, '0'),
(120, 120, '0'),
(121, 121, '0'),
(122, 122, '0'),
(123, 123, '0'),
(124, 124, '144'),
(125, 125, '144'),
(126, 126, '144'),
(127, 127, '144'),
(128, 128, '144'),
(129, 129, '144'),
(130, 130, '144'),
(131, 131, '144'),
(132, 132, '0'),
(133, 133, '0'),
(134, 134, '0'),
(135, 135, '0'),
(136, 136, '0'),
(137, 137, '0'),
(138, 138, '0'),
(139, 139, '0'),
(140, 140, '0'),
(141, 141, '0'),
(142, 142, '0'),
(143, 143, '0'),
(144, 144, '0'),
(145, 145, '0'),
(146, 146, '0'),
(147, 147, '0'),
(148, 148, '144'),
(149, 149, '144'),
(150, 150, '144'),
(151, 151, '144'),
(152, 152, '144'),
(153, 153, '144'),
(154, 154, '144'),
(155, 155, '144'),
(156, 156, '0'),
(157, 157, '0'),
(158, 158, '0'),
(159, 159, '0'),
(160, 160, '0'),
(161, 161, '0'),
(162, 162, '0'),
(163, 163, '0'),
(164, 164, '0'),
(165, 165, '0'),
(166, 166, '0'),
(167, 167, '0'),
(168, 168, '0'),
(169, 169, '0'),
(170, 170, '0'),
(171, 171, '0'),
(172, 172, '0'),
(173, 173, '0'),
(174, 174, '0'),
(175, 175, '0'),
(176, 176, '0'),
(177, 177, '0'),
(178, 178, '0'),
(179, 179, '9'),
(180, 180, '9'),
(181, 181, '9'),
(182, 182, '9'),
(183, 183, '9'),
(184, 184, '9'),
(185, 185, '33'),
(186, 186, '33'),
(187, 187, '33'),
(188, 188, '33'),
(189, 189, '33'),
(190, 190, '33'),
(191, 191, '33'),
(192, 192, '33'),
(193, 193, '57'),
(194, 194, '57'),
(195, 195, '57'),
(196, 196, '57'),
(197, 197, '57'),
(198, 198, '57'),
(199, 199, '57'),
(200, 200, '57'),
(201, 201, '57'),
(202, 202, '57'),
(203, 203, '81'),
(204, 204, '81'),
(205, 205, '81'),
(206, 206, '81'),
(207, 207, '81'),
(208, 208, '81'),
(209, 209, '81'),
(210, 210, '81'),
(211, 211, '81'),
(212, 212, '81'),
(213, 213, '81'),
(214, 214, '81'),
(215, 215, '99'),
(216, 216, '99'),
(217, 217, '99'),
(218, 218, '99'),
(219, 219, '99'),
(220, 220, '99'),
(221, 221, '99'),
(222, 222, '99'),
(223, 223, '99'),
(224, 224, '99'),
(225, 225, '99'),
(226, 226, '99'),
(227, 227, '117'),
(228, 228, '117'),
(229, 229, '117'),
(230, 230, '117'),
(231, 231, '117'),
(232, 232, '117'),
(233, 233, '117'),
(234, 234, '117'),
(235, 235, '117'),
(236, 236, '117'),
(237, 237, '117'),
(238, 238, '117'),
(239, 239, '117'),
(240, 240, '117'),
(241, 241, '117'),
(242, 242, '117'),
(243, 243, '153'),
(244, 244, '153'),
(245, 245, '153'),
(246, 246, '153'),
(247, 247, '153'),
(248, 248, '153'),
(249, 249, '153'),
(250, 250, '153'),
(251, 251, '153'),
(252, 252, '153'),
(253, 253, '153'),
(254, 254, '153'),
(255, 255, '153'),
(256, 256, '153'),
(257, 257, '153'),
(258, 258, '153'),
(259, 259, '177'),
(260, 260, '177'),
(261, 261, '177'),
(262, 262, '177'),
(263, 263, '177'),
(264, 264, '177'),
(265, 265, '177'),
(266, 266, '177'),
(267, 267, '177'),
(268, 268, '177'),
(269, 269, '177'),
(270, 270, '177'),
(271, 271, '177'),
(272, 272, '177'),
(273, 273, '237'),
(274, 274, '237'),
(275, 275, '237'),
(276, 276, '237'),
(277, 277, '237'),
(278, 278, '237'),
(279, 279, '237'),
(280, 280, '237'),
(281, 281, '237'),
(282, 282, '237'),
(283, 283, '237'),
(284, 284, '237'),
(285, 285, '237'),
(286, 286, '237'),
(287, 287, '237'),
(288, 288, '237'),
(289, 289, '297'),
(290, 290, '297'),
(291, 291, '297'),
(292, 292, '297'),
(293, 293, '297'),
(294, 294, '297'),
(295, 295, '297'),
(296, 296, '297'),
(297, 297, '297'),
(298, 298, '297'),
(299, 299, '297'),
(300, 300, '297'),
(301, 301, '297'),
(302, 302, '297'),
(303, 303, '297'),
(304, 304, '297'),
(305, 305, '357'),
(306, 306, '357'),
(307, 307, '357'),
(308, 308, '357'),
(309, 309, '357'),
(310, 310, '357'),
(311, 311, '357'),
(312, 312, '357'),
(313, 313, '357'),
(314, 314, '357'),
(315, 315, '357'),
(316, 316, '357'),
(317, 317, '417'),
(318, 318, '417'),
(319, 319, '417'),
(320, 320, '417'),
(321, 321, '417'),
(322, 322, '417'),
(323, 323, '417'),
(324, 324, '417'),
(325, 325, '417'),
(326, 326, '447'),
(327, 327, '447'),
(328, 328, '447'),
(329, 329, '447');

-- --------------------------------------------------------

--
-- Cấu trúc bảng cho bảng `point`
--

DROP TABLE IF EXISTS `point`;
CREATE TABLE IF NOT EXISTS `point` (
  `id_point` int NOT NULL AUTO_INCREMENT,
  `x` varchar(255) COLLATE utf8mb4_unicode_ci NOT NULL,
  `y` varchar(255) COLLATE utf8mb4_unicode_ci NOT NULL,
  PRIMARY KEY (`id_point`)
) ENGINE=InnoDB AUTO_INCREMENT=330 DEFAULT CHARSET=utf8mb4 COLLATE=utf8mb4_unicode_ci;

--
-- Đang đổ dữ liệu cho bảng `point`
--

INSERT INTO `point` (`id_point`, `x`, `y`) VALUES
(1, '106.72096990185068', '10.796145217133951'),
(2, '106.7207832201688', '10.796016642102312'),
(3, '106.72090941802925', '10.795868043027077'),
(4, '106.72091049093741', '10.795880162808213'),
(5, '106.72093999523658', '10.795838007031655'),
(6, '106.7209598435669', '10.79584801903717'),
(7, '106.72101885216522', '10.795780569788631'),
(8, '106.72100061313574', '10.795768449983361'),
(9, '106.72103916991081', '10.795711078589449'),
(10, '106.7210308550465', '10.795709761220772'),
(11, '106.72108912603319', '10.795628545519609'),
(12, '106.72107839719713', '10.795619587385966'),
(13, '106.72112882269386', '10.795557934523353'),
(14, '106.72131979596747', '10.795697048681186'),
(15, '106.72127044333791', '10.795758833290286'),
(16, '106.7211615456765', '10.795887935371361'),
(17, '106.72114652528964', '10.795882665899748'),
(18, '106.72108805312494', '10.795949588186353'),
(19, '106.72110897436345', '10.795958019335991'),
(20, '106.72096990185068', '10.796145217133951'),
(21, '106.7209585777804', '10.79606949805342'),
(22, '106.72088451015762', '10.796016637246911'),
(23, '106.72093832344996', '10.795943880595999'),
(24, '106.72101239105476', '10.79599674140251'),
(25, '106.7211602797673', '10.795808132235713'),
(26, '106.721086212209', '10.795755271429202'),
(27, '106.72114002545442', '10.795682514778292'),
(28, '106.72121409299479', '10.795735375584805'),
(29, '106.72061021744197', '10.795897552110821'),
(30, '106.72042031707653', '10.795755276339388'),
(31, '106.7204782528076', '10.795688880969056'),
(32, '106.72048039854208', '10.79569836599989'),
(33, '106.72057910380104', '10.795577168052997'),
(34, '106.72060056147316', '10.795594030403086'),
(35, '106.72065742433699', '10.795520257719975'),
(36, '106.72063918534845', '10.795506557084858'),
(37, '106.72067673627464', '10.79546018557617'),
(38, '106.72066708030582', '10.795449646617845'),
(39, '106.7207239430878', '10.795372712299391'),
(40, '106.72071965161886', '10.795366388938683'),
(41, '106.72077007711559', '10.795296831720917'),
(42, '106.72095890461381', '10.795438053859758'),
(43, '106.72091062485156', '10.795508664843993'),
(44, '106.72089882314826', '10.79550339536574'),
(45, '106.72080011788928', '10.795626701140884'),
(46, '106.72078831610413', '10.79562037778552'),
(47, '106.7207325261894', '10.7956825575748'),
(48, '106.7207496923107', '10.795694150444065'),
(49, '106.72065983859498', '10.795817983190506'),
(50, '106.72065983859498', '10.795827995176582'),
(51, '106.72060452602683', '10.795812347870326'),
(52, '106.72053045846744', '10.795759487063815'),
(53, '106.72058427171378', '10.795686730412905'),
(54, '106.72065833925515', '10.795739591219418'),
(55, '106.72079979081032', '10.795548874110311'),
(56, '106.72072572331591', '10.7954960133038'),
(57, '106.72077953651493', '10.79542325665289'),
(58, '106.72085360399137', '10.795476117459403'),
(59, '106.72023940220926', '10.795629599393731'),
(60, '106.72005969420533', '10.795497862457447'),
(61, '106.72010904685527', '10.795427778390504'),
(62, '106.72012031212493', '10.79542725143048'),
(63, '106.72018039361096', '10.795348736185593'),
(64, '106.72019219535518', '10.795353478726518'),
(65, '106.72022062674615', '10.79531764623792'),
(66, '106.72023189201583', '10.795323442659559'),
(67, '106.72028955953022', '10.795258891514736'),
(68, '106.72026944296262', '10.79523913095937'),
(69, '106.72030887142694', '10.795191178658762'),
(70, '106.7202994836954', '10.795190124757987'),
(71, '106.72035822407689', '10.795109765119248'),
(72, '106.72035017747024', '10.7950986991981'),
(73, '106.72039953009971', '10.795038890540834'),
(74, '106.72059103984785', '10.79517853187932'),
(75, '106.720550270279', '10.795239921379803'),
(76, '106.72053927322615', '10.795230436314403'),
(77, '106.72044003147215', '10.795369287153834'),
(78, '106.72042045133816', '10.795350317035934'),
(79, '106.72037083049182', '10.795429359235415'),
(80, '106.72037042813595', '10.795427514940643'),
(81, '106.72037901119661', '10.79543858085973'),
(82, '106.72029009600462', '10.795560569267053'),
(83, '106.7202995843252', '10.795560009386087'),
(84, '106.72023330839752', '10.795548874110311'),
(85, '106.72015924090307', '10.7954960133038'),
(86, '106.72021305410219', '10.79542325665289'),
(87, '106.72028712157864', '10.795476117459403'),
(88, '106.72043286481363', '10.795283292278143'),
(89, '106.72035879738462', '10.795230431471632'),
(90, '106.7204126105362', '10.795157674820727'),
(91, '106.7204866779472', '10.795210535627236'),
(92, '106.7207102638871', '10.794966961988846'),
(93, '106.72052572793969', '10.794827847513124'),
(94, '106.72058580932335', '10.794737212284868'),
(95, '106.72060941289367', '10.794745643423285'),
(96, '106.72083257255267', '10.794450551749017'),
(97, '106.72080896914608', '10.79443368937496'),
(98, '106.72087977952953', '10.794353592944539'),
(99, '106.72107719004748', '10.794494815566864'),
(100, '106.72098706789009', '10.794608636610555'),
(101, '106.72096131858534', '10.794598097622371'),
(102, '106.72076176233293', '10.794851033236744'),
(103, '106.72078965720844', '10.794865787823754'),
(104, '106.72069035687905', '10.79488281136649'),
(105, '106.72061628954881', '10.79482995055998'),
(106, '106.72067010262845', '10.794757193909073'),
(107, '106.72074416994082', '10.794810054715581'),
(108, '106.7209017149166', '10.794598258855654'),
(109, '106.7208276476565', '10.794545398049145'),
(110, '106.72088146068525', '10.794472641398238'),
(111, '106.7209555279274', '10.794525502204747'),
(112, '106.7212131197269', '10.794318448632037'),
(113, '106.72101356331076', '10.794181441544126'),
(114, '106.72108008222528', '10.794080267154765'),
(115, '106.72110368546817', '10.79409712954867'),
(116, '106.72131826218927', '10.793793606072672'),
(117, '106.72130538778248', '10.793780959204264'),
(118, '106.72137619816593', '10.793698754908478'),
(119, '106.72156717131675', '10.793853678429015'),
(120, '106.7215027983004', '10.793928505446575'),
(121, '106.72148026784292', '10.793922182015285'),
(122, '106.721261399571', '10.79420568132237'),
(123, '106.72128607584482', '10.794223597633499'),
(124, '106.72119400069687', '10.79423284015364'),
(125, '106.72111993352684', '10.79417997934713'),
(126, '106.72117374649025', '10.794107222696223'),
(127, '106.72124781364232', '10.794160083502732'),
(128, '106.72140750455074', '10.793924047268549'),
(129, '106.72133343745678', '10.79387118646204'),
(130, '106.7213872503648', '10.793798429811133'),
(131, '106.72146131744086', '10.793851290617642'),
(132, '106.72175941009037', '10.793928080702047'),
(133, '106.72175029057563', '10.793675671243806'),
(134, '106.72186240690014', '10.793668820904372'),
(135, '106.72186777131817', '10.793705707475468'),
(136, '106.72197666902052', '10.793704653549376'),
(137, '106.72197666902052', '10.79368831807644'),
(138, '106.72215959566708', '10.793681467737299'),
(139, '106.72216281430973', '10.793698330153568'),
(140, '106.72223845259573', '10.793696222341534'),
(141, '106.72224059841206', '10.793660389695539'),
(142, '106.72233984014558', '10.793654066258599'),
(143, '106.72235056898162', '10.793908056562753'),
(144, '106.72225025438087', '10.793911218288628'),
(145, '106.72224596283009', '10.793899625370674'),
(146, '106.72187206286897', '10.793909637430716'),
(147, '106.72187099000172', '10.793925445949059'),
(148, '106.72181886755948', '10.793868671616567'),
(149, '106.721815672443', '10.7937787942402'),
(150, '106.72190716863332', '10.793775655639624'),
(151, '106.72191036374976', '10.793865533015987'),
(152, '106.7222018870558', '10.793859186548088'),
(153, '106.72219869193945', '10.793769309171722'),
(154, '106.72229018812692', '10.793766170571145'),
(155, '106.72229338324325', '10.793856047947509'),
(156, '106.72180782401206', '10.795389574700915'),
(157, '106.72123919570109', '10.79497750105456'),
(158, '106.72127781949447', '10.794918482764293'),
(159, '106.72121961552622', '10.794866841796027'),
(160, '106.72159941629809', '10.79435464698896'),
(161, '106.72168739280288', '10.79441261146635'),
(162, '106.72177000480777', '10.794292466884706'),
(163, '106.72182901340607', '10.794333568994412'),
(164, '106.72187836603555', '10.794267173350159'),
(165, '106.72194488486822', '10.7943030058836'),
(166, '106.72198994602877', '10.794243987501085'),
(167, '106.72220452274989', '10.794404180318583'),
(168, '106.72216482592552', '10.794467414282929'),
(169, '106.72223349057451', '10.794514839707263'),
(170, '106.7221819921287', '10.794584397065828'),
(171, '106.7221830650778', '10.794694002505732'),
(172, '106.72224421941056', '10.794746697426131'),
(173, '106.72217126329264', '10.794863680140521'),
(174, '106.72218842949582', '10.794877380804923'),
(175, '106.72202427827142', '10.795100807075652'),
(176, '106.72207470376816', '10.7951334778721'),
(177, '106.7219727798256', '10.795266268843532'),
(178, '106.721917258148', '10.79522411294568'),
(179, '106.72180764515828', '10.795389135503285'),
(180, '106.72136324081877', '10.795071970399974'),
(181, '106.72163230697596', '10.79470818713614'),
(182, '106.72178044147228', '10.794813908907704'),
(183, '106.72183425463139', '10.794741152256796'),
(184, '106.72213052386483', '10.794952595588532'),
(185, '106.72180764515828', '10.795389135503285'),
(186, '106.72143730814356', '10.795124831294565'),
(187, '106.72149112138572', '10.795052074643657'),
(188, '106.72141705407896', '10.794999213749065'),
(189, '106.72163230697596', '10.79470818713614'),
(190, '106.72178044147228', '10.794813908907704'),
(191, '106.72183425463139', '10.794741152256796'),
(192, '106.72213052386483', '10.794952595588532'),
(193, '106.72173357770322', '10.795336274696774'),
(194, '106.72143730814356', '10.795124831294565'),
(195, '106.72149112138572', '10.795052074643657'),
(196, '106.72141705407896', '10.794999213749065'),
(197, '106.72163230697596', '10.79470818713614'),
(198, '106.72178044147228', '10.794813908907704'),
(199, '106.72183425463139', '10.794741152256796'),
(200, '106.72213052386483', '10.794952595588532'),
(201, '106.7218614583108', '10.795316378852375'),
(202, '106.72178739087373', '10.795263518045864'),
(203, '106.72173357770322', '10.795336274696774'),
(204, '106.72143730814356', '10.795124831294565'),
(205, '106.72149112138572', '10.795052074643657'),
(206, '106.72141705407896', '10.794999213749065'),
(207, '106.72163230697596', '10.79470818713614'),
(208, '106.72178044147228', '10.794813908907704'),
(209, '106.72183425463139', '10.794741152256796'),
(210, '106.72205645651734', '10.794899734782023'),
(211, '106.72200264341207', '10.79497249143293'),
(212, '106.72207671077749', '10.79502535223944'),
(213, '106.7218614583108', '10.795316378852375'),
(214, '106.72178739087373', '10.795263518045864'),
(215, '106.72165951027421', '10.795283413872646'),
(216, '106.72143730814356', '10.795124831294565'),
(217, '106.72149112138572', '10.795052074643657'),
(218, '106.72141705407896', '10.794999213749065'),
(219, '106.72163230697596', '10.79470818713614'),
(220, '106.72178044147228', '10.794813908907704'),
(221, '106.72183425463139', '10.794741152256796'),
(222, '106.72205645651734', '10.794899734782023'),
(223, '106.72200264341207', '10.79497249143293'),
(224, '106.72207671077749', '10.79502535223944'),
(225, '106.7218614583108', '10.795316378852375'),
(226, '106.72171332346262', '10.795210657221736'),
(227, '106.72165951027421', '10.795283413872646'),
(228, '106.72143730814356', '10.795124831294565'),
(229, '106.72149112138572', '10.795052074643657'),
(230, '106.72141705407896', '10.794999213749065'),
(231, '106.72157849376799', '10.79478094378705'),
(232, '106.72165256102103', '10.794833804681636'),
(233, '106.7217063742111', '10.79476104803073'),
(234, '106.72178044147228', '10.794813908907704'),
(235, '106.72183425463139', '10.794741152256796'),
(236, '106.72205645651734', '10.794899734782023'),
(237, '106.72200264341207', '10.79497249143293'),
(238, '106.72207671077749', '10.79502535223944'),
(239, '106.72191527145026', '10.795243622201468'),
(240, '106.72184120403101', '10.795190761394958'),
(241, '106.72178739087373', '10.795263518045864'),
(242, '106.72171332346262', '10.795210657221736'),
(243, '106.72165951027421', '10.795283413872646'),
(244, '106.72151137549442', '10.795177692171542'),
(245, '106.72156518871867', '10.795104935520632'),
(246, '106.72141705407896', '10.794999213749065'),
(247, '106.72157849376799', '10.79478094378705'),
(248, '106.72165256102103', '10.794833804681636'),
(249, '106.7217063742111', '10.79476104803073'),
(250, '106.72178044147228', '10.794813908907704'),
(251, '106.72183425463139', '10.794741152256796'),
(252, '106.72205645651734', '10.794899734782023'),
(253, '106.72200264341207', '10.79497249143293'),
(254, '106.72207671077749', '10.79502535223944'),
(255, '106.72191527145026', '10.795243622201468'),
(256, '106.72184120403101', '10.795190761394958'),
(257, '106.72178739087373', '10.795263518045864'),
(258, '106.72171332346262', '10.795210657221736'),
(259, '106.72165951027421', '10.795283413872646'),
(260, '106.72151137549442', '10.795177692171542'),
(261, '106.72156518871867', '10.795104935520632'),
(262, '106.72141705407896', '10.794999213749065'),
(263, '106.72157849376799', '10.79478094378705'),
(264, '106.72165256102103', '10.794833804681636'),
(265, '106.7217063742111', '10.79476104803073'),
(266, '106.72178044147228', '10.794813908907704'),
(267, '106.72183425463139', '10.794741152256796'),
(268, '106.72205645651734', '10.794899734782023'),
(269, '106.72200264341207', '10.79497249143293'),
(270, '106.72207671077749', '10.79502535223944'),
(271, '106.72191527145026', '10.795243622201468'),
(272, '106.72176713663792', '10.795137900570829'),
(273, '106.72165951027421', '10.795283413872646'),
(274, '106.72151137549442', '10.795177692171542'),
(275, '106.72156518871867', '10.795104935520632'),
(276, '106.72149112138572', '10.795052074643657'),
(277, '106.72154493461488', '10.794979317992752'),
(278, '106.721470867326', '10.79492645709816'),
(279, '106.72157849376799', '10.79478094378705'),
(280, '106.72165256102103', '10.794833804681636'),
(281, '106.7217063742111', '10.79476104803073'),
(282, '106.72178044147228', '10.794813908907704'),
(283, '106.72183425463139', '10.794741152256796'),
(284, '106.72205645651734', '10.794899734782023'),
(285, '106.72200264341207', '10.79497249143293'),
(286, '106.72207671077749', '10.79502535223944'),
(287, '106.72191527145026', '10.795243622201468'),
(288, '106.72176713663792', '10.795137900570829'),
(289, '106.72165951027421', '10.795283413872646'),
(290, '106.72151137549442', '10.795177692171542'),
(291, '106.72156518871867', '10.795104935520632'),
(292, '106.72149112138572', '10.795052074643657'),
(293, '106.72154493461488', '10.794979317992752'),
(294, '106.721470867326', '10.79492645709816'),
(295, '106.72157849376799', '10.79478094378705'),
(296, '106.72165256102103', '10.794833804681636'),
(297, '106.7217063742111', '10.79476104803073'),
(298, '106.72178044147228', '10.794813908907704'),
(299, '106.72183425463139', '10.794741152256796'),
(300, '106.72205645651734', '10.794899734782023'),
(301, '106.72194883029377', '10.79504524808384'),
(302, '106.72202289767709', '10.795098108890349'),
(303, '106.72191527145026', '10.795243622201468'),
(304, '106.72176713663792', '10.795137900570829'),
(305, '106.72165951027421', '10.795283413872646'),
(306, '106.72151137549442', '10.795177692171542'),
(307, '106.72161900192981', '10.795032178869727'),
(308, '106.721470867326', '10.79492645709816'),
(309, '106.72157849376799', '10.79478094378705'),
(310, '106.72172662830015', '10.79488666555861'),
(311, '106.72183425463139', '10.794741152256796'),
(312, '106.72205645651734', '10.794899734782023'),
(313, '106.72194883029377', '10.79504524808384'),
(314, '106.72202289767709', '10.795098108890349'),
(315, '106.72191527145026', '10.795243622201468'),
(316, '106.72176713663792', '10.795137900570829'),
(317, '106.72165951027421', '10.795283413872646'),
(318, '106.72151137549442', '10.795177692171542'),
(319, '106.72161900192981', '10.795032178869727'),
(320, '106.721470867326', '10.79492645709816'),
(321, '106.72157849376799', '10.79478094378705'),
(322, '106.72180069560528', '10.79493952641797'),
(323, '106.72194883029377', '10.79504524808384'),
(324, '106.72184120403101', '10.795190761394958'),
(325, '106.72176713663792', '10.795137900570829'),
(326, '106.72184120403101', '10.795190761394958'),
(327, '106.72169306927088', '10.795085039729086'),
(328, '106.72180069560528', '10.79493952641797'),
(329, '106.72194883029377', '10.79504524808384');

--
-- Các ràng buộc cho các bảng đã đổ
--

--
-- Các ràng buộc cho bảng `body`
--
ALTER TABLE `body`
  ADD CONSTRAINT `fk_building_body` FOREIGN KEY (`id_building`) REFERENCES `building` (`id_building`) ON DELETE CASCADE ON UPDATE CASCADE;

--
-- Các ràng buộc cho bảng `body_face`
--
ALTER TABLE `body_face`
  ADD CONSTRAINT `fk_body_face` FOREIGN KEY (`id_body`) REFERENCES `body` (`id_body`) ON DELETE CASCADE ON UPDATE CASCADE,
  ADD CONSTRAINT `fk_face_body` FOREIGN KEY (`id_face`) REFERENCES `face` (`id_face`) ON DELETE CASCADE ON UPDATE CASCADE;

--
-- Các ràng buộc cho bảng `face_node`
--
ALTER TABLE `face_node`
  ADD CONSTRAINT `fk_face_node` FOREIGN KEY (`id_face`) REFERENCES `face` (`id_face`) ON DELETE CASCADE ON UPDATE CASCADE,
  ADD CONSTRAINT `fk_node_face` FOREIGN KEY (`id_node`) REFERENCES `node` (`id_node`) ON DELETE CASCADE ON UPDATE CASCADE;

--
-- Các ràng buộc cho bảng `node`
--
ALTER TABLE `node`
  ADD CONSTRAINT `fk_node_point` FOREIGN KEY (`id_point`) REFERENCES `point` (`id_point`) ON DELETE CASCADE ON UPDATE CASCADE;
COMMIT;

/*!40101 SET CHARACTER_SET_CLIENT=@OLD_CHARACTER_SET_CLIENT */;
/*!40101 SET CHARACTER_SET_RESULTS=@OLD_CHARACTER_SET_RESULTS */;
/*!40101 SET COLLATION_CONNECTION=@OLD_COLLATION_CONNECTION */;
